Frase,id_item,anotadoras,anotadoras 2(valeria_janaina)
ela é muito sensual,1,Aparência,Aparência
menina bela,2,Aparência,Aparência
você é diferente,3,Outro,Aparência
ela é linda,4,Aparência,Aparência
ela é guerreira,5,Caráter,Caráter
ela é mulher,6,Papel Social,Aparência
ela é discreta,7,Caráter,Aparência
menina brincalhona,8,Caráter,Caráter
ela é inacreditável,9,Caráter,Caráter
ela é fácil,11,Caráter,Caráter
mulheres vulgares,12,Caráter,Caráter
menina é braba,14,Emoção,Caráter
menina ficou braba,17,Emoção,Emoção
ela é brilhante,22,Caráter,Caráter
ela é rara,23,Caráter,Outro
"mulher, menina",24,Papel Social,Aparência
ela é fria,25,Caráter,Emoção
mina simpática,29,Caráter,Caráter
você era infeliz,35,Emoção,Emoção
ela é marrenta,36,Caráter,Caráter
ela é diferente,37,Caráter,Aparência
ela é inocente,41,Caráter,Caráter
moça bonita,45,Aparência,Aparência
menina veneno,46,Caráter,Caráter
ela é alegria,47,Emoção,Caráter
mulher ruim,51,Caráter,Caráter
mulher é mulher,52,Papel Social,Aparência
ela é incrível,57,Caráter,Caráter
ela é tão tão vistosa,58,Aparência,Aparência
você é tão sensual,61,Aparência,Aparência
"menina, musa",62,Aparência,Aparência
você é baixinha,63,Aparência,Aparência
mina cabulosa,68,Caráter,Caráter
ela está suada,69,Aparência,Aparência
ela é puro êxtase,70,Outro,Aparência
ela é bonita,71,Aparência,Aparência
mulher ingrata,73,Caráter,Caráter
novinha saliente,79,Caráter,Caráter
você foi diferentona,86,Outro,Aparência
ela é bipolar,87,Caráter,Caráter
novinha louca,88,Caráter,Caráter
ela é boa,90,Caráter,Caráter
mina cara,91,Caráter,Outro
mulher foda,92,Caráter,Caráter
ela foi covarde,93,Caráter,Caráter
ela foi amor,95,Emoção,Caráter
novinha ninfeta,101,Caráter,Aparência
novinha é tentação,103,Caráter,Aparência
mina tá cara,104,Outro,Outro
ela fica pelada,105,Outro,Aparência
elas fica apaixonada,108,Emoção,Emoção
ela fica molhada,109,Outro,Aparência
ela é muito gostosa,111,Aparência,Aparência
mina gostosa,116,Aparência,Aparência
você tá arrependida,117,Emoção,Emoção
linda morena,120,Aparência,Aparência
ela é atração,123,Aparência,Aparência
ela é terrível,124,Caráter,Caráter
ela é top,125,Caráter,Aparência
ela é malandra,126,Caráter,Caráter
você tá acostumada,127,Outro,Caráter
você é maldade,128,Caráter,Caráter
"maliciosa, gostosa",131,Aparência,Aparência
mina cavala,138,Aparência,Caráter
você fica louca,140,Emoção,Emoção
mina doidona,144,Caráter,Emoção
mina viciante,146,Outro,Outro
ela ficar chapada,154,Outro,Emoção
ela é gostosa,156,Aparência,Aparência
ela ficou descontrolada,157,Emoção,Emoção
novinha roleta,158,Outro,Caráter
novinha fica louca,160,Emoção,Emoção
mulheres eram amores,165,Caráter,Caráter
menina patricinha,166,Papel Social,Papel Social
ela fica louca,167,Caráter,Emoção
ela é novinha,174,Papel Social,Aparência
mina diferente,175,Outro,Aparência
ela é cruel,182,Caráter,Caráter
você fica maravilhosa,183,Aparência,Aparência
ela era diferente,184,Outro,Aparência
ela é fútil,185,Caráter,Caráter
você é falsa,186,Caráter,Caráter
você é profissional,187,Papel Social,Papel Social
ela é viciada,189,Outro,Caráter
ela é dona,191,Papel Social,Papel Social
ela é insaciável,193,Outro,Caráter
você é tão linda,194,Aparência,Aparência
ela é debochada,195,Caráter,Caráter
menina maluca,199,Caráter,Caráter
ela é ignorante,200,Caráter,Caráter
novinha safadinha,202,Caráter,Caráter
ela é tão bonita,205,Aparência,Aparência
mina perigosa,207,Caráter,Caráter
mina ralé,208,Papel Social,Caráter
ela é empoderada,209,Papel Social,Caráter
ela é muito linda,210,Aparência,Aparência
ela é braba,214,Caráter,Aparência
ela é impossível,215,Caráter,Caráter
ela ignorante,220,Caráter,Caráter
você é famosinha,221,Outro,Papel Social
ela é capaz,224,Caráter,Caráter
você fica nervosa,227,Emoção,Emoção
mina é louca,240,Caráter,Caráter
mulheres lindas,241,Aparência,Aparência
elas fica louca,242,Emoção,Emoção
ela é mais forte,243,Aparência,Aparência
mulher bonita,244,Aparência,Aparência
mina louca,247,Emoção,Caráter
ela é selvagem,248,Caráter,Caráter
mulher tá apaixonada,249,Emoção,Emoção
mulher gato,250,Aparência,Aparência
"linda, sensual",259,Aparência,Aparência
mina é treinada,260,Outro,Caráter
garota bela,261,Aparência,Aparência
ela é donzela,262,Papel Social,Aparência
ela é bagunceira,265,Caráter,Caráter
menina é muito sexy,270,Aparência,Aparência
ela fica soltinha,273,Outro,Emoção
mulher carpideira,275,Papel Social,Papel Social
você é mãe,278,Papel Social,Papel Social
você é linda,280,Aparência,Aparência
você é forte,281,Caráter,Aparência
menina baiana,286,Papel Social,Papel Social
mulher sozinha,288,Outro,Emoção
ela é bela,293,Aparência,Aparência
moça solteirona,297,Papel Social,Papel Social
ela é madura,299,Caráter,Aparência
ela é coroa,300,Papel Social,Aparência
menina nova,301,Aparência,Aparência
moreninha linda,305,Aparência,Aparência
ela era muito caliente,315,Aparência,Caráter
ela é made in roça,317,Papel Social,Papel Social
elas ficam loucas,321,Emoção,Caráter
garota ruim,322,Caráter,Caráter
você está errada,323,Outro,Outro
ela é louca,327,Caráter,Caráter
ela é massa,328,Caráter,Caráter
menina bonita,330,Aparência,Aparência
ela é maravilhosa,331,Aparência,Aparência
você tá cheirosa,332,Aparência,Aparência
menina boçal,337,Caráter,Caráter
linda garota,338,Aparência,Aparência
você é inocente,342,Caráter,Papel Social
novinha bandida,344,Papel Social,Papel Social
você é gostosa,345,Aparência,Aparência
ela é mó gata,347,Aparência,Aparência
ela é experiente,348,Caráter,Caráter
namorada boa,349,Caráter,Caráter
mina meiga,351,Caráter,Caráter
ela é estilosa,352,Aparência,Aparência
ela é covardia,358,Outro,Caráter
mulher guerreira,359,Caráter,Caráter
você tá bolada,366,Emoção,Emoção
linda mina,367,Aparência,Aparência
mina bela,368,Aparência,Aparência
rainha elizabeth,369,Papel Social,Papel Social
ela é mimada,370,Caráter,Caráter
menina má,371,Caráter,Caráter
ela é namoradeira,376,Caráter,Caráter
ela tá diferente,379,Outro,Aparência
menina musa,383,Aparência,Aparência
mina maluca,386,Emoção,Caráter
ela é formada,398,Papel Social,Papel Social
ela é sedenta,399,Caráter,Caráter
mulher independente,400,Caráter,Caráter
você é doida,401,Caráter,Caráter
ela é bem gigante,403,Aparência,Aparência
ela é violenta,405,Caráter,Caráter
menina carente,407,Caráter,Caráter
ela é calma,410,Emoção,Caráter
ela é complicada,412,Caráter,Caráter
novinha fica maluca,413,Emoção,Caráter
ela é baladeira,415,Caráter,Caráter
menina inocente,419,Caráter,Caráter
menina braba,420,Caráter,Caráter
ela é glamour,424,Aparência,Aparência
mina bumbum,426,Aparência,Aparência
mina é preparada,427,Outro,Caráter
novinha é terrorista,429,Caráter,Caráter
novinha! que novinha,432,Aparência,Aparência
mulher gostosa,433,Aparência,Aparência
mina top,441,Aparência,Aparência
mulher destemida,449,Caráter,Caráter
ela é café,450,Outro,Outro
ela é princesinha,451,Aparência,Aparência
ela é perita,454,Papel Social,Papel Social
ela tá potente,457,Outro,Emoção
você tá solteira,459,Papel Social,Papel Social
novinha tá princesa,464,Aparência,Aparência
ela é bem gostosa,466,Aparência,Aparência
mina gata,467,Aparência,Aparência
mina caliente,473,Aparência,Aparência
menina louca,480,Emoção,Caráter
mulher é foda,481,Caráter,Caráter
ela é esnobe,482,Caráter,Caráter
menina mandona,483,Caráter,Papel Social
mina séria,486,Caráter,Caráter
ela é pura,487,Caráter,Caráter
ela é preparada,490,Outro,Caráter
novinhas doidona,491,Caráter,Caráter
novinha é baladeira,494,Caráter,Caráter
novinha tá apaixonada,495,Emoção,Caráter
mulher ouro,499,Caráter,Caráter
"mulheres, irmãs",505,Papel Social,Papel Social
novinha terrível,509,Outro,Caráter
mulheres são belas,510,Aparência,Aparência
elas estão descontroladas,511,Emoção,Emoção
ela é estilo,512,Aparência,Aparência
mina é foda,513,Caráter,Caráter
ela é ambiciosa,514,Caráter,Caráter
mulheres belas,515,Aparência,Aparência
ela é real,522,Caráter,Aparência
ela tava afobada,523,Emoção,Emoção
ela é fiel,534,Caráter,Caráter
garota envolvente,537,Outro,Caráter
ela é funkeira,538,Papel Social,Papel Social
minha marrenta,539,Caráter,Caráter
garota impossível,541,Outro,Caráter
ela fica maluca,542,Emoção,Emoção
mulher maravilhosa,544,Aparência,Aparência
novinha é experiente,546,Outro,Caráter
você ta enganada,548,Outro,Emoção
mina zica,550,Caráter,Caráter
minas cachorra,553,Caráter,Caráter
mina perversa,554,Caráter,Caráter
você é cachorra,560,Caráter,Caráter
ela ta louca,561,Caráter,Emoção
ela é santa,562,Caráter,Caráter
ela é moça,563,Papel Social,Aparência
ela é criança,565,Papel Social,Papel Social
ela é inteligente,571,Caráter,Caráter
mina segura,573,Caráter,Caráter
ela é porto,575,Outro,Caráter
menina é sagaz,577,Caráter,Caráter
mina é maneira,579,Caráter,Caráter
ela é racional,583,Caráter,Caráter
ela é mais gostosa,585,Aparência,Aparência
ela é loirinha,593,Aparência,Aparência
menina carinhosa,597,Caráter,Caráter
ela é cheia de malícia,606,Caráter,Caráter
ela é abusada,607,Caráter,Caráter
ela era gostosa,609,Aparência,Aparência
menina é tenebrosa,614,Caráter,Caráter
mulher boa,616,Caráter,Aparência
ela é chata,617,Caráter,Caráter
ela ser assim tão delicada,623,Caráter,Aparência
mulheres estão atentas,625,Outro,Emoção
mulheres são muito estranhas,627,Outro,Caráter
mulher amazonense,629,Papel Social,Papel Social
mulher carioca,630,Papel Social,Papel Social
namorada pequenina,631,Aparência,Aparência
moça feia,632,Aparência,Aparência
moças pequenas,634,Aparência,Aparência
mulheres casadas,635,Papel Social,Papel Social
mulher cruel,638,Caráter,Caráter
você é meiga,642,Caráter,Caráter
senhora mãe,643,Papel Social,Papel Social
menina mãe,644,Papel Social,Papel Social
mulher morena,646,Aparência,Aparência
mulheres estão ficando loucas,651,Outro,Emoção
moça donzela,655,Aparência,Papel Social
ela é carioca,656,Papel Social,Papel Social
menina fidalga,661,Papel Social,Papel Social
meninas puras,662,Outro,Caráter
menina pura,663,Caráter,Caráter
maria cigana,681,Papel Social,Papel Social
você é mais bonita,686,Aparência,Aparência
"você, baianinha",691,Papel Social,Papel Social
"você, minha flor",692,Outro,Aparência
moça triste,701,Emoção,Emoção
"você, minha amiga",717,Papel Social,Papel Social
você é bonita,719,Aparência,Aparência
mulher nova,722,Aparência,Aparência
garotas belas,734,Aparência,Aparência
bruxinha gostosa,748,Aparência,Aparência
joana bela,751,Aparência,Aparência
amanda foi amante,762,Papel Social,Papel Social
menininha bonita,763,Aparência,Aparência
maria pobre,765,Papel Social,Papel Social
ela ser donzela,770,Papel Social,Papel Social
maria amante,772,Papel Social,Papel Social
ela for chique,798,Aparência,Aparência
tereza era tão bela,800,Aparência,Aparência
moça cheia de esperança,821,Outro,Emoção
você é tão bonita,825,Aparência,Aparência
você está sempre aflita,832,Emoção,Emoção
você está tão curtida,834,Outro,Emoção
senhora bonita,843,Aparência,Aparência
moça flor,849,Caráter,Aparência
ela está inocente,850,Caráter,Emoção
mulher diferente,863,Outro,Aparência
ela alegre,867,Emoção,Emoção
"menina, meu bem",885,Outro,Emoção
menina feia,886,Aparência,Aparência
você é feia,887,Aparência,Aparência
moça poeta,903,Papel Social,Papel Social
mulher feliz,913,Emoção,Emoção
moças bonitas,915,Aparência,Aparência
ela é tão indiscreta,917,Caráter,Aparência
mina escura,920,Aparência,Aparência
donzela felizes,933,Emoção,Emoção
moças indecentes,936,Papel Social,Aparência
ela é cheirosa,941,Aparência,Aparência
ela é charmosa,942,Aparência,Aparência
menina delicada,943,Caráter,Aparência
ela é tão sexy,946,Aparência,Aparência
ela é avó,950,Papel Social,Papel Social
você estiver sozinha,952,Outro,Emoção
ela tá afinada,956,Outro,Emoção
você fica nua,957,Aparência,Outro
você é tão gostosa,958,Aparência,Aparência
meninas deslumbrantes,961,Aparência,Aparência
namorada está certa,962,Outro,Emoção
mulher bunduda,965,Aparência,Aparência
namorada economista,966,Papel Social,Papel Social
namorada nutricionista,967,Papel Social,Papel Social
namorada arquiteta,968,Papel Social,Papel Social
namorada jornalista,969,Papel Social,Papel Social
namorada proctologista,970,Papel Social,Papel Social
maria chuteira,971,Papel Social,Papel Social
mulheres fatais,976,Caráter,Aparência
você tá muito segura,977,Caráter,Emoção
ela tá cheia,978,Outro,Emoção
mulher feia,979,Aparência,Aparência
ela é muito burguesinha,980,Papel Social,Papel Social
você está casada,987,Papel Social,Papel Social
você é criança,993,Papel Social,Papel Social
mulher dona-de-casa,994,Papel Social,Papel Social
meninas bonitas,997,Aparência,Aparência
você está louca,1006,Emoção,Emoção
garota diferente,1009,Outro,Aparência
ela está perdida,1013,Outro,Emoção
ela tava doida,1023,Emoção,Emoção
gina quer ser capa,1028,Outro,Papel Social
menina casada,1032,Papel Social,Papel Social
ela era irmã,1034,Papel Social,Papel Social
sandrinha era caçadora,1044,Papel Social,Papel Social
ela é alta,1055,Aparência,Aparência
ela foi mais feliz,1066,Emoção,Emoção
gabriela gringa,1085,Papel Social,Papel Social
ela é onda,1089,Outro,Outro
ela é ninfo,1091,Caráter,Outro
você é inferior,1116,Caráter,Outro
amiga irmã,1142,Papel Social,Papel Social
você está perdida,1153,Outro,Emoção
você está dividida,1162,Outro,Emoção
moça rica,1165,Papel Social,Papel Social
ela é muito mulher,1176,Caráter,Papel Social
mulher viúva,1177,Papel Social,Papel Social
mulher casada,1178,Papel Social,Papel Social
ela é fazendera,1184,Papel Social,Papel Social
ela estava infeliz,1193,Emoção,Emoção
ela estava deprimida,1194,Emoção,Emoção
ela sozinha,1198,Outro,Emoção
ela é culpada,1199,Outro,Papel Social
senhora sertaneja,1200,Papel Social,Papel Social
você ficar sozinha,1218,Outro,Emoção
você está arrependida,1239,Emoção,Emoção
você está presa,1266,Outro,Papel Social
ela feliz,1268,Emoção,Emoção
ela sendo tão jovem,1288,Aparência,Emoção
eliana é paraguaia,1294,Papel Social,Papel Social
dama brasileira,1296,Papel Social,Papel Social
ela é baiana,1298,Papel Social,Papel Social
você fica cheia de ciúmes,1308,Emoção,Emoção
ela está desesperada,1311,Emoção,Emoção
ela é fruto,1314,Outro,Outro
ela contente,1318,Emoção,Emoção
marlene triste,1321,Emoção,Emoção
ela está contente,1330,Emoção,Emoção
ela confiante,1334,Caráter,Emoção
ela é feliz,1338,Emoção,Emoção
moça brasileira,1340,Papel Social,Papel Social
mulher ficou contente,1342,Emoção,Emoção
você foi rainha,1351,Papel Social,Papel Social
ela é casada,1354,Papel Social,Papel Social
você é obrigada,1357,Outro,Outro
ela fica animadinha,1358,Outro,Emoção
ela tá magoada,1367,Emoção,Emoção
ela tá sozinha,1376,Caráter,Emoção
ela está feliz,1384,Emoção,Emoção
você fica sozinha,1386,Outro,Emoção
você foi professora,1393,Papel Social,Papel Social
rainha camponesa,1400,Papel Social,Papel Social
ela é miss,1405,Papel Social,Papel Social
ela é pobre,1408,Papel Social,Papel Social
mulher pobre,1411,Papel Social,Papel Social
"esposa, a rainha",1412,Papel Social,Papel Social
"moça, meu amor",1417,Outro,Papel Social
moça solteira,1424,Papel Social,Papel Social
rainha sertaneja,1434,Papel Social,Papel Social
menina tá distante,1444,Outro,Emoção
ela era mocinha,1453,Papel Social,Papel Social
você está aí sozinha,1483,Outro,Emoção
ela foi infeliz,1493,Emoção,Emoção
ela tá pirada,1506,Emoção,Emoção
menina rica,1550,Papel Social,Papel Social
mulher rica,1553,Papel Social,Papel Social
rainha mãe,1567,Papel Social,Papel Social
moça ser rica,1571,Papel Social,Papel Social
ela foi cruel,1585,Caráter,Emoção
mulher modelo,1586,Aparência,Papel Social
"menina, meu anjinho",1589,Outro,Papel Social
rainha santa,1592,Papel Social,Papel Social
maria solteira,1598,Papel Social,Papel Social
ela conseguiu se tornar celebridade,1624,Outro,Papel Social
mulheres ricas,1629,Papel Social,Papel Social
mulheres pobres,1630,Papel Social,Papel Social
ela vai presa,1631,Papel Social,Papel Social
você ta tão dispersa,1632,Outro,Emoção
você é rebelde,1640,Caráter,Papel Social
você ta famosa,1642,Outro,Papel Social
você estava acompanhada,1656,Outro,Papel Social
"esposa, mãe",1707,Papel Social,Papel Social
ela ficava sozinha,1730,Outro,Emoção
mulheres estão esperta,1741,Caráter,Emoção
mulher chorona,1752,Emoção,Emoção
mulher é viúva,1765,Papel Social,Papel Social
ela é cobaia,1802,Outro,Outro
ela fica doidinha,1819,Emoção,Emoção
você tá comprometida,1821,Papel Social,Papel Social
mulher princesa,1825,Aparência,Papel Social
você foi fingida,1841,Caráter,Emoção
mulher errante,1842,Outro,Outro
moça namoradeira,1843,Papel Social,Papel Social
você é comprometida,1845,Papel Social,Papel Social
ela estar nervosa,1847,Emoção,Emoção
"madalena, triste",1851,Emoção,Emoção
ela era moça,1852,Papel Social,Papel Social
rainha matogrossense,1871,Papel Social,Papel Social
você é companhia,1883,Outro,Outro
ela é testemunha,1923,Outro,Papel Social
você é presa,1936,Papel Social,Papel Social
ela é infeliz,1939,Emoção,Emoção
mina tá gamada,1944,Outro,Emoção
elas estão loucas,1953,Emoção,Emoção
você tá louca,1954,Emoção,Emoção
ela é brasileira,1970,Papel Social,Papel Social
ela é sambista,1972,Papel Social,Papel Social
ela é poderosa,1973,Caráter,Papel Social
você foi maldade,1984,Outro,Emoção
você foi ilusão,1986,Outro,Emoção
você tá parada,1993,Outro,Outro
ela é apaixonada,2055,Emoção,Emoção
mulher mineira,2061,Papel Social,Papel Social
mulher goiana,2062,Papel Social,Papel Social
mulher baiana,2063,Papel Social,Papel Social
ela fica aborrecida,2070,Emoção,Emoção
você é melodia,2072,Outro,Outro
ela é astral,2087,Caráter,Outro
você era saudade,2097,Emoção,Emoção
você estará perdida,2099,Outro,Emoção
ela foi dama,2135,Outro,Papel Social
ela era dama,2136,Papel Social,Papel Social
senhora dona,2149,Papel Social,Papel Social
você é tão criança,2150,Caráter,Papel Social
ela foi princesa,2155,Papel Social,Papel Social
ela está louca,2156,Emoção,Emoção
você está cansada,2167,Emoção,Emoção
você tá decidida,2190,Caráter,Emoção
mulher está grávida,2221,Papel Social,Papel Social
você está tão sozinha,2237,Outro,Emoção
ela foi modelo,2249,Aparência,Papel Social
mulher bebê,2250,Outro,Papel Social
ela ficou triste,2253,Emoção,Emoção
ela fica enlouquecida,2271,Emoção,Emoção
você foi só satisfação,2276,Outro,Emoção
você estava errada,2299,Outro,Outro
ela está sozinha,2309,Outro,Emoção
ela estava enfezada,2311,Outro,Emoção
ela estava aborrecida,2312,Emoção,Emoção
mulher sendo casada,2321,Papel Social,Papel Social
ela é filha,2323,Papel Social,Papel Social
ela está distante,2324,Outro,Emoção
ela arrependida,2372,Emoção,Emoção
ela triste,2385,Emoção,Emoção
você é feliz,2414,Emoção,Emoção
você tá ferrada,2427,Outro,Emoção
mulher está sendo mal-amada,2442,Caráter,Emoção
você está grudada,2449,Outro,Outro
ela tá sentida,2455,Emoção,Emoção
mulheres famintas,2507,Outro,Outro
ela é nobre,2515,Papel Social,Papel Social
ela indiferente,2576,Caráter,Emoção
ela era engracadinha,2605,Caráter,Emoção
ela está tão distante,2616,Outro,Emoção
mulher fica louca,2617,Outro,Emoção
ela ta cismada,2629,Outro,Emoção
meninas estão loucas,2632,Emoção,Emoção
ela está gamada,2665,Outro,Emoção
você estava sozinha,2681,Outro,Emoção
você ta baladeira,2699,Papel Social,Papel Social
você vai ser feliz,2756,Emoção,Emoção
você tá errada,2766,Outro,Outro
"mulher, conservadora",2798,Caráter,Papel Social
ela está triste,2805,Emoção,Emoção
ela está tão esquisita,2806,Caráter,Emoção
ela está tão insegura,2807,Emoção,Emoção
mulher amada,2809,Emoção,Emoção
ela estava inocente,2821,Outro,Emoção
senhora alegria,2836,Emoção,Emoção
mulher viuva,2875,Papel Social,Papel Social
senhora mulher,2876,Papel Social,Papel Social
rainha anarquista,2905,Papel Social,Papel Social
gata borralheira,2925,Papel Social,Papel Social
você fica parada,2934,Outro,Outro
rainha soberana,2956,Papel Social,Papel Social
mina loka,2958,Outro,Emoção
ela tá revoltada,2961,Emoção,Emoção
ela é rainha,2979,Papel Social,Papel Social
mulher fica nervosa,2993,Emoção,Emoção
ela fica enfezada,2995,Outro,Emoção
você é saudade,3014,Outro,Emoção
menina triste,3016,Emoção,Emoção
ela foi tão volúvel,3017,Outro,Emoção
esposa carinhosa,3033,Papel Social,Emoção
menina ficou tristonha,3043,Emoção,Emoção
ela fica nervosa,3046,Emoção,Emoção
ela foi iludida,3050,Outro,Emoção
mulher é amor,3054,Emoção,Emoção
você está enganada,3059,Outro,Emoção
ela sou tão feliz,3068,Emoção,Emoção
ela está muito contente,3075,Emoção,Emoção
ela tá doida,3134,Emoção,Emoção
ela tá louca,3135,Emoção,Emoção
"menina, deusa",3149,Aparência,Papel Social
você tá soltinha,3159,Outro,Emoção
ela estava desfalecida,3185,Outro,Outro
mulheres ficam gamada,3213,Outro,Emoção
você ficou velhinha,3214,Aparência,Aparência
você era feia,3215,Aparência,Aparência
linda estudante,3221,Aparência,Aparência
ela seria mais amarga,3236,Caráter,Emoção
você for desprezada,3240,Outro,Emoção
menina charmosa,3249,Aparência,Aparência
ela é turbinada,3254,Outro,Aparência
elas são tão belas,3269,Aparência,Aparência
moça boa,3274,Caráter,Aparência
moça sozinha,3290,Outro,Emoção
sereia bonita,3310,Aparência,Aparência
você era mais loura,3313,Aparência,Aparência
você é muito mais bela,3315,Aparência,Aparência
ela era bem bonitinha,3321,Aparência,Aparência
ela é mais sentimental,3357,Emoção,Emoção
menina aflita,3363,Emoção,Emoção
menina ruiva,3370,Aparência,Aparência
menina esguia,3376,Aparência,Aparência
"mulher, uma beleza",3378,Aparência,Aparência
"menina, morena",3387,Aparência,Aparência
"negra, negra",3398,Papel Social,Aparência
ela é explosão,3405,Caráter,Emoção
você era linda,3408,Aparência,Aparência
ela seja linda,3412,Aparência,Aparência
mulher global,3415,Outro,Outro
mulheres ficaram estéreis,3427,Outro,Aparência
ela fica parada,3428,Outro,Outro
ela fica muito louca,3430,Emoção,Emoção
menina gostosinha,3435,Aparência,Aparência
menina é muito triste,3450,Emoção,Emoção
fabiana tá usando silicone,3455,Aparência,Aparência
você é livre,3457,Outro,Outro
você é mentira,3470,Outro,Outro
você está tão fria,3477,Emoção,Aparência
mulher sentimental,3481,Caráter,Emoção
você fica tão bonita,3491,Aparência,Aparência
você é carente,3510,Emoção,Emoção
mulher faceira,3517,Caráter,Emoção
namorada amante,3527,Papel Social,Papel Social
elas ficam louca,3528,Emoção,Emoção
meninas ficam louca,3538,Emoção,Emoção
"mulher, seu corpo é uma escultura",3547,Aparência,Aparência
moça alegre,3564,Emoção,Emoção
ela fica feliz,3572,Emoção,Emoção
mulher explosiva,3582,Emoção,Emoção
mulher baixinha,3592,Aparência,Aparência
mulher usguenta,3593,Caráter,Outro
você é poesia,3595,Caráter,Outro
ela ser feliz,3602,Emoção,Emoção
ela é vulgar,3603,Caráter,Aparência
você tá estressada,3609,Emoção,Emoção
mulher avião,3617,Aparência,Outro
ela é caolha,3622,Aparência,Aparência
mulheres liberdade,3629,Outro,Outro
senhora deusa,3631,Aparência,Papel Social
"moça, formosura",3633,Aparência,Aparência
mulher sensacional,3635,Caráter,Aparência
garota boa,3636,Caráter,Aparência
musa libérrima,3653,Outro,Aparência
rainha negra,3664,Aparência,Aparência
rainha senhora,3668,Papel Social,Papel Social
menina franzina,3692,Aparência,Aparência
ela nervosa,3700,Emoção,Emoção
senhora divina,3702,Aparência,Papel Social
elas são rainhas,3704,Papel Social,Papel Social
chica boa,3713,Aparência,Aparência
mulher tá gorda,3749,Aparência,Aparência
menina ofegante,3759,Outro,Outro
você era tão bonita,3769,Aparência,Aparência
você foi tão clara,3777,Outro,Outro
você estava enganada,3792,Outro,Emoção
você é flor,3793,Caráter,Outro
ela tá muito louca,3795,Emoção,Emoção
garota parecia forte,3796,Aparência,Aparência
mariazinha morena,3837,Aparência,Aparência
"mulher, tua força",3841,Caráter,Aparência
"mulher, tua beleza",3842,Aparência,Aparência
ela era tão bonita,3844,Aparência,Aparência
mulheres negras,3860,Papel Social,Aparência
você está tão bonita,3861,Aparência,Aparência
ela é sinistra,3863,Caráter,Caráter
ela é sagaz,3870,Caráter,Caráter
mulher é apenas objeto,3871,Papel Social,Caráter
mulher dama,3890,Papel Social,Papel Social
ela é diva,3897,Papel Social,Aparência
ela incrivel,3898,Caráter,Aparência
índia formosa,3903,Aparência,Aparência
menina loca,3905,Emoção,Caráter
donzelas tímidas,3911,Caráter,Caráter
ela é grude,3914,Outro,Emoção
você é galinha,3915,Caráter,Caráter
você tá bonita,3917,Aparência,Aparência
mulheres incríveis,3918,Caráter,Aparência
você estava tão segura,3930,Caráter,Caráter
você é desumana,3931,Caráter,Caráter
ela foi muito maldosa,3941,Caráter,Caráter
ela é legal,3948,Caráter,Caráter
"mulher, dependente",3949,Papel Social,Caráter
moça fiel,3954,Caráter,Caráter
ela foi bandida,3960,Papel Social,Caráter
você é gordinha,3981,Aparência,Caráter
mina ficou maluca,3984,Emoção,Aparência
moça bruta,3986,Caráter,Emoção
moças namoradeira,3998,Papel Social,Caráter
"esposa, minha glória",3999,Papel Social,Caráter
mulher tá cansada,4004,Outro,Caráter
ela é verdadeira,4021,Caráter,Aparência
menina namoradeira,4031,Papel Social,Caráter
meninas carinhosas,4033,Caráter,Caráter
você estava apaixonada,4038,Emoção,Caráter
"menina, ingênua",4039,Caráter,Emoção
você estão fechadas,4050,Outro,Caráter
ela fica mais bonita,4051,Aparência,Outro
ela é muito atraente,4053,Aparência,Aparência
ela é vidrada,4064,Outro,Aparência
novinha delícia,4081,Aparência,Outro
você é tentação,4085,Aparência,Aparência
ela é muito triste,4088,Emoção,Aparência
ela é forte,4090,Caráter,Emoção
você tá pirada,4091,Emoção,Caráter
você é palhaça,4093,Caráter,Emoção
mulher sensual,4103,Aparência,Caráter
mina é linda,4116,Aparência,Aparência
você tá maluca,4129,Emoção,Aparência
menina faceira,4134,Caráter,Caráter
ela está disposta,4142,Outro,Emoção
mina é esperta,4145,Caráter,Caráter
ela estava ausente,4154,Outro,Caráter
você está apaixonada,4167,Emoção,Caráter
mariana romântica,4168,Outro,Emoção
mulher traiçoeira,4180,Caráter,Emoção
menina massa,4185,Caráter,Caráter
mina porreta,4186,Caráter,Caráter
mulher clara,4191,Outro,Caráter
ana carinhosa,4196,Caráter,Aparência
mulher é fácil,4206,Caráter,Emoção
ela é brincadeira,4214,Outro,Caráter
garota manhosa,4218,Emoção,Caráter
Mulher sabe machucar,4223,Outro,Caráter
você tá linda,4232,Aparência,Caráter
mulher é feia,4240,Aparência,Aparência
ela é tão feia,4242,Aparência,Aparência
você está crescida,4250,Aparência,Aparência
ela é muito importante,4252,Caráter,Aparência
você é alma,4254,Outro,Caráter
ela for cheirosa,4264,Aparência,Outro
ela for bonita,4265,Aparência,Aparência
moça granfina,4273,Aparência,Aparência
você ficou estranha,4277,Caráter,Aparência
mulher fiel,4292,Caráter,Emoção
você é alegria,4296,Emoção,Caráter
ela tá maluca,4300,Caráter,Emoção
você fica maluca,4309,Caráter,Emoção
voce é invejosa,4312,Caráter,Emoção
Mina cheia de marra,4317,Caráter,Caráter
novinhas solteiras,4318,Papel Social,Caráter
você tá enganada,4319,Outro,Papel Social
ela é surreal,4321,Aparência,Caráter
você tá facinha,4327,Caráter,Caráter
mina careca,4328,Aparência,Caráter
mina caolha,4329,Aparência,Aparência
mulher novinha,4338,Aparência,Aparência
ela é cachorra,4345,Caráter,Aparência
ela é comportadinha,4346,Papel Social,Caráter
ela é cínica,4351,Caráter,Caráter
ela é carente,4353,Emoção,Caráter
ela parece cachorra,4355,Caráter,Caráter
ela é muito bonita,4356,Aparência,Caráter
ela é muito feia,4358,Aparência,Aparência
novinha ta chapadona,4359,Outro,Aparência
ela é muito engraçada,4360,Caráter,Caráter
mulher imunda,4364,Aparência,Caráter
você fica manhosa,4365,Outro,Aparência
mina maneira,4370,Caráter,Caráter
ela é tão branca,4374,Aparência,Caráter
mina é muito feia,4375,Aparência,Aparência
ela tem mó bundão,4376,Aparência,Aparência
namorada maluca,4378,Caráter,Aparência
ela é cadela,4380,Caráter,Caráter
minas são sinistras,4382,Caráter,Caráter
ela tá bolada,4389,Emoção,Caráter
mulher coroa,4393,Papel Social,Caráter
garota sensação,4395,Aparência,Aparência
ela é negra,4399,Aparência,Aparência
ela tá nervosa,4405,Emoção,Aparência
ela é maluca,4408,Caráter,Emoção
você é tão rebelde,4417,Caráter,Caráter
namorada libanesa,4420,Papel Social,Caráter
minas explosivas,4421,Papel Social,Papel Social
ela é muito elegante,4438,Aparência,Emoção
"Meninas, mini-xotas, mini-putas",4441,Outro,Aparência
ela foi fiel,4449,Caráter,Aparência
você é muito complicada,4450,Outro,Caráter
você é complicada,4451,Caráter,Caráter
você é mais perigosa,4456,Caráter,Caráter
garota bonita,4464,Aparência,Caráter
ela está feia,4467,Aparência,Aparência
"rainhas, meninas",4473,Papel Social,Aparência
mulher sardenta,4476,Aparência,Papel Social
ela é maldade,4495,Caráter,Aparência
mulher antiga,4512,Papel Social,Caráter
ela é sensual,4523,Aparência,Aparência
claudinha lacradora,4535,Papel Social,Aparência
ela é sofisticada,4539,Caráter,Caráter
ela é delicada,4540,Caráter,Aparência
você fica mais bonita,4542,Aparência,Aparência
você é imprevisivel,4549,Caráter,Aparência
ela é teimosa,4553,Caráter,Caráter
menina segura,4554,Caráter,Caráter
ela tá maravilhosa,4563,Aparência,Caráter
ela tá pura,4564,Outro,Aparência
ela tá top,4565,Aparência,Outro
ela é iluminada,4568,Outro,Aparência
ela é perigo,4582,Caráter,Aparência
você fica bem soltinha,4592,Caráter,Caráter
ela tá deliciosa,4596,Aparência,Emoção
novinha sapequinha,4599,Outro,Aparência
menina descalça,4601,Outro,Aparência
mulher é só pressão,4606,Outro,Aparência
mulher é sentimento,4609,Emoção,Caráter
mulher gata,4610,Aparência,Emoção
ela tá doidinha,4613,Emoção,Aparência
mulher bonita,4616,Aparência,Emoção
meninas soltinhas,4625,Outro,Aparência
ela é descarada,4629,Caráter,Caráter
novinha pira,4630,Outro,Caráter
novinhas ficam loucas,4634,Caráter,Emoção
ela ficou peladinha,4636,Aparência,Emoção
você tá tão bonita,4637,Aparência,Aparência
ela é sensacional,4662,Aparência,Aparência
ela fica triste,4665,Emoção,Aparência
menina atraente,4666,Aparência,Emoção
ela fica esperta,4670,Caráter,Aparência
ela é amor,4672,Caráter,Caráter
ela é clichê,4673,Caráter,Emoção
menina gostosa,4681,Aparência,Caráter
namorada era legal,4683,Caráter,Aparência
ela se tornou garota,4693,Outro,Caráter
ela foi influenciada,4700,Outro,Papel Social
ela é bruxa,4711,Papel Social,Caráter
ela vai ficar maluca,4714,Emoção,Papel Social
mulher é louca,4715,Caráter,Emoção
luciana é alegria,4719,Caráter,Caráter
você é brisa,4724,Outro,Emoção
senhora tentação,4728,Outro,Outro
você fica feia,4734,Aparência,Caráter
ela é soberana,4741,Caráter,Aparência
mina é maneirona,4751,Caráter,Papel Social
mina é feia,4754,Aparência,Caráter
ela é difícil,4760,Caráter,Aparência
maravilha feminina,4767,Aparência,Caráter
"ela, toda venenosa",4777,Caráter,Aparência
ela tá cismada,4790,Outro,Caráter
ela ta enganada,4796,Outro,Caráter
mulher mercenária,4808,Caráter,Caráter
ela tá soltinha,4821,Outro,Caráter
ela negra,4844,Papel Social,Aparência
ela era magrinha,4865,Aparência,Aparência
ela novinha,4866,Papel Social,Aparência
moça fanática,4885,Caráter,Aparência
você estava louca,4891,Emoção,Caráter
mina contente,4893,Emoção,Emoção
moça é donzela,4896,Papel Social,Emoção
mulher perversa,4902,Caráter,Papel Social
ela é bagaceira,4918,Caráter,Caráter
ela é muito bacana,4922,Caráter,Caráter
rainha defensora,4934,Papel Social,Caráter
ela é tão fascinante,4949,Aparência,Caráter
ela é amada,4950,Outro,Caráter
ela é preta,4959,Papel Social,Emoção
ela é sexy,4974,Aparência,Aparência
garota espetacular,4990,Aparência,Aparência
ela ficou feliz,5017,Emoção,Aparência
ela é longa,5030,Aparência,Emoção
novinha taradinha,5038,Caráter,Aparência
mina braba,5053,Caráter,Caráter
ela ficou nervosa,5060,Emoção,Caráter
você é má,5078,Caráter,Emoção
novinha ta safada,5103,Caráter,Caráter
Ela é muito atrevida,5142,Caráter,Caráter
menina indefesa,5146,Outro,Caráter
mulher sofredora,5151,Emoção,Caráter
ela tá cansada,5163,Emoção,Emoção
elas são braba,5175,Caráter,Emoção
mina coração,5190,Caráter,Caráter
moça dengosa,5235,Emoção,Emoção
dama infeliz,5240,Emoção,Caráter
esposas sombrias,5243,Outro,Emoção
ela vai sorrir contente,5258,Emoção,Caráter
ela é inútil,5280,Caráter,Emoção
elas foram tão felizes,5293,Emoção,Caráter
menina é amor,5320,Emoção,Emoção
ela é tão interessante,5327,Caráter,Emoção
ela estava ali sozinha,5342,Outro,Caráter
elas são felizes,5349,Emoção,Emoção
clarice é interrompida,5402,Outro,Emoção
ela ri torturada,5414,Outro,Outro
você estava tão meiga,5418,Caráter,Emoção
garota é lesada,5422,Outro,Emoção
ela estava debruçada,5443,Outro,Caráter
ela estava debruçada,5443,Outro,Aparência
ela é ignorada,5445,Outro,Emoção
garota excitante,5471,Aparência,Emoção
ela sorridente,5487,Emoção,Aparência
garotas carinhosas,5494,Emoção,Emoção
ela é covarde,5528,Caráter,Caráter
meiga menina,5565,Caráter,Caráter
ela tá carente,5568,Emoção,Emoção
ela estava tão carente,5576,Emoção,Emoção
ela está cansada,5578,Outro,Emoção
ela é pagodeira,5605,Papel Social,Papel Social
mulher delegada,5618,Papel Social,Papel Social
mulher motorista,5619,Papel Social,Papel Social
ela fica grilada,5628,Outro,Emoção
ela é veterana,5665,Papel Social,Papel Social
garota é osso,5679,Outro,Caráter
ela ta feliz,5688,Emoção,Emoção
francisca sozinha,5697,Outro,Emoção
menina frágil,5702,Papel Social,Caráter
garota adolescente,5711,Papel Social,Papel Social
namorada princesa,5720,Papel Social,Papel Social
ela é charme,5731,Aparência,Caráter
mulher cananéia,5738,Outro,Papel Social
voce ta desconfiada,5756,Outro,Caráter
ela foi escolhida,5761,Outro,Caráter
mulher preguiçosa,5773,Caráter,Caráter
moça mimosa,5775,Outro,Caráter
ela é delegada,5779,Papel Social,Papel Social
você tá magoada,5787,Emoção,Emoção
ela ficou tão feliz,5805,Emoção,Emoção
menina lavadeira,5843,Papel Social,Papel Social
ela é mãe solteira,5854,Papel Social,Papel Social
ela ficou zangada,5881,Emoção,Emoção
menina tanajura,5885,Aparência,Aparência
você tá nervosa,5899,Emoção,Emoção
você está chateada,5911,Emoção,Emoção
você está arrasada,5912,Emoção,Emoção
namorada tá desconfiada,5920,Outro,Emoção
você é namorada,5921,Papel Social,Papel Social
mina tá desconfiada,5923,Outro,Emoção
você tá dispersa,5924,Caráter,Emoção
você foi precipitada,5931,Outro,Caráter
ela fica empolgada,5935,Emoção,Emoção
ela orgulhosa,5944,Caráter,Caráter
você tá tão gelada,5954,Aparência,Aparência
mulher vulcão,6003,Outro,Outro
ela é estrangeira,6004,Papel Social,Papel Social
ela é provocante,6027,Aparência,Aparência
você está desconfiada,6030,Outro,Emoção
mulheres são atriz,6040,Papel Social,Papel Social
mulher aflita,6083,Emoção,Emoção
ela era solteira,6094,Papel Social,Papel Social
ela é notada,6101,Outro,Emoção
ela ta suave,6102,Outro,Emoção
ela tá insaciável,6116,Outro,Emoção
ela é muito avião,6128,Aparência,Aparência
minas vai ser patroa,6154,Papel Social,Papel Social
menina extrovertida,6178,Caráter,Caráter
mulher profissional,6209,Papel Social,Papel Social
ela tá estressada,6240,Emoção,Emoção
mulher é braba,6245,Caráter,Caráter
ela ficou apaixonada,6247,Emoção,Emoção
você é amiga,6251,Papel Social,Papel Social
menina selvagem,6279,Caráter,Caráter
bailarina contente,6281,Emoção,Emoção
ela é celebridade,6309,Papel Social,Papel Social
mina é tão impressionante,6311,Outro,Caráter
elas carente,6347,Emoção,Emoção
menina interessante,6355,Caráter,Caráter
ela é modelo,6358,Papel Social,Papel Social
ela foi encantada,6392,Outro,Emoção
moça é distraída,6399,Caráter,Caráter
ela é bem mais rica,6403,Papel Social,Papel Social
Toda mulher se faz de coitada,6412,Caráter,Caráter
mulher má,6427,Caráter,Caráter
mulheres febris,6431,Outro,Outro
garota suicida,6460,Outro,Caráter
mulher surpreendente,6481,Caráter,Caráter
você é bem teimosa,6501,Caráter,Caráter
você é professora,6527,Papel Social,Papel Social
moça boiadeira,6547,Papel Social,Papel Social
ela é esposa,6575,Papel Social,Papel Social
você é enfermeira,6577,Papel Social,Papel Social
você foi casada,6599,Papel Social,Papel Social
senhora mãezinha,6777,Papel Social,Papel Social
mina tá doidona,6783,Outro,Papel Social
ela é famosa,6818,Papel Social,Papel Social
cigana miss,6920,Papel Social,Papel Social
janaína argentina,6966,Papel Social,Papel Social
minas são profissionais,7269,Papel Social,Papel Social
elas são amiga,7364,Papel Social,Papel Social
mulher é carioca,7366,Papel Social,Papel Social
mina é vagabunda,7414,Caráter,Papel Social
mulher estiver solteira,7428,Papel Social,Papel Social
meninas dançarinas,7456,Papel Social,Papel Social
"mulher, cantora",7484,Papel Social,Papel Social
menina era mineira,7583,Papel Social,Papel Social
moças solteiras,7602,Papel Social,Papel Social
ela é doméstica,7694,Papel Social,Papel Social
você é bailarina,7730,Papel Social,Papel Social
maria é mãe,7762,Papel Social,Papel Social
moça bailarina,7867,Papel Social,Papel Social
mulher cangaceira,7938,Papel Social,Papel Social
ela é vovó,7962,Papel Social,Papel Social
você é pobrezinha,8039,Papel Social,Papel Social
mulher bandeirante,8178,Papel Social,Papel Social
ela é bahiana,8186,Papel Social,Papel Social
ela era dona,8221,Papel Social,Papel Social
mulher gestante,8224,Papel Social,Papel Social
senhora dona-de-casa,8283,Papel Social,Papel Social
ela é comandante-chefe,8286,Papel Social,Papel Social
ela tá noiva,8392,Papel Social,Papel Social
você é casada,8459,Papel Social,Papel Social
ela é viúva,8511,Papel Social,Papel Social
você é cinderela,8535,Outro,Papel Social
ela é índia,8618,Papel Social,Papel Social
meninas solteiras,8657,Papel Social,Papel Social
mãe rainha,8870,Papel Social,Papel Social
moças mineiras,8960,Papel Social,Papel Social
ela é muito pobrezinha,9023,Papel Social,Papel Social
senhora viúva,9059,Papel Social,Papel Social
mulher pobrezinha,9088,Papel Social,Papel Social
ela é brasileirinha,9116,Papel Social,Papel Social
moça pobre,9117,Papel Social,Papel Social
crioula sapateia,9133,Outro,Papel Social
meninas são colombinas,9144,Papel Social,Papel Social
bailarina serena,9172,Papel Social,Papel Social
senhoras casadas,9223,Papel Social,Papel Social
mulher gorda,9243,Aparência,Aparência
ela é costureira,9252,Papel Social,Papel Social
ela é americana,9286,Papel Social,Papel Social
ela é babá,9300,Papel Social,Papel Social
mulher é nacional,9373,Papel Social,Papel Social
mulher biscateira,9398,Papel Social,Papel Social
você é tão patricinha,9466,Papel Social,Papel Social
ela é senhora,9537,Papel Social,Papel Social
ela é dançarina,9629,Papel Social,Papel Social
ela é cabeleireira,9653,Papel Social,Papel Social
você tá tão gostosa,9774,Aparência,Aparência
mina jamaicana,9775,Papel Social,Papel Social
mulher lavadeira,9854,Papel Social,Papel Social
"diana, casada",9855,Papel Social,Papel Social
você é empregadinha,9946,Papel Social,Papel Social
ela é tesouro,9976,Caráter,Papel Social
maria sambadeira,9980,Papel Social,Papel Social
ela é porta,9986,Outro,Papel Social
menina é brasileira,9988,Papel Social,Papel Social
você é canditada,10007,Outro,Papel Social
você fica empinadinha,10017,Outro,Aparência
mina tá chapada,10074,Outro,Caráter
ela é roqueira,10114,Papel Social,Papel Social
moreninha bonitinha,10146,Aparência,Aparência
mulher eletricista,10234,Papel Social,Papel Social
ela é aeromoça,10391,Papel Social,Papel Social
você era princesa,10482,Papel Social,Papel Social
mulher famosa,10613,Papel Social,Papel Social
ela é diarista,10656,Papel Social,Papel Social
ela é mandona,10681,Caráter,Papel Social
dama socialite,10762,Papel Social,Papel Social
amiga noiva,10916,Papel Social,Papel Social
mulheres poetas,10918,Papel Social,Papel Social
mãe pobre,10920,Papel Social,Papel Social
senhora é mãe,10972,Papel Social,Papel Social
ela tá graduada,11193,Papel Social,Papel Social
mina é só loucura,13088,Caráter,Emoção
ela é muito fechada,14984,Caráter,Emoção
moça diferente,15037,Outro,Emoção
ela é sensacional,15053,Caráter,Emoção
menina singular,15089,Outro,Emoção
ela é destemida,15115,Caráter,Emoção
você foi distração,15212,Outro,Emoção